Name,Plate_Number
img001,30N-4616
img002,81A-73492
img003,51G-49539
img004,51A-01204
img005,51F-22261
img006,50LD-04411
img007,51F-06532
img008,48A-02866
img009,51A-85325
img010,51A-01204
img011,51F-07973
img012,51F-22261
img013,51F-73420
img014,48A-05177
img015,51A-72078
img016,51A-72078
img017,60A-21418
img018,51A-01204
img019,51G-39466
img020,51F-61712
img021,51F-63034
img022,51A-69172
img023,52Y-6490
img024,52Y-6490
img025,51F-06609
img026,51A-89714
img027,51A-89714
img028,41F-22261
img029,60A-35981
img030,51F-59011
img031,51G-31691
img032,51F-74776
img033,51A-85325
img034,51G-51936
img035,51G-10096
img036,51F-79512
img037,51G-31691
img038,51F-59881
img039,48A-05177
img040,51F-88270
img041,51A-69172
img042,51G-51332
img043,51F-15585
img044,51F-22261
img045,51F-15585
img046,51F-86988
img047,51G-31691
img048,51F-63034
img049,51G-31691
img050,51A-69172
img051,63-V10200
img052,30-N45882
img053,59-S236623
img054,59-F138151
img055,59-S216555
img056,52-L26661
img057,43-S26463
img058,59-V107473
img059,67-B181846
img060,85-F100417
img061,59-V200285
img062,59-C100507
img063,72-C112511
img064,59-K190300
img065,59-K190300
img066,59-M103519
img067,68-H74213
img068,72-C112511
img069,54-Z87524
img070,52-H99892
img071,68-H74213
img072,59-T188808
img073,59-C162293
img074,65-F131532
img075,59-C116274
img076,84-K34900
img077,59-U170392
img078,59-C168612
img079,54-L24264
img080,59-C165331
img081,None
img082,None
img083,None
img084,None
img085,None
img086,None
img087,None
img088,None
img089,None
img090,None
img091,None
img092,None
img093,None
img094,None
img095,None
img096,None
img097,None
img098,None
img099,None
img100,None
