Name,Face_Name
img001,Johnny Depp
img002,Johnny Depp
img003,Johnny Depp
img004,Johnny Depp
img005,Johnny Depp
img006,Denzel Washington
img007,Denzel Washington
img008,Denzel Washington
img009,Denzel Washington
img010,Denzel Washington
img011,Hugh Jackman
img012,Hugh Jackman
img013,Hugh Jackman
img014,Hugh Jackman
img015,Hugh Jackman
img016,Brad Pitt
img017,Brad Pitt
img018,Brad Pitt
img019,Brad Pitt
img020,Brad Pitt
img021,Angelina Jolie
img022,Angelina Jolie
img023,Angelina Jolie
img024,Angelina Jolie
img025,Angelina Jolie
img026,Robert Downey Jr
img027,Robert Downey Jr
img028,Robert Downey Jr
img029,Robert Downey Jr
img030,Robert Downey Jr
img031,Tom Cruise
img032,Tom Cruise
img033,Tom Cruise
img034,Tom Cruise
img035,Tom Cruise
img036,Tom Hanks
img037,Tom Hanks
img038,Tom Hanks
img039,Tom Hanks
img040,Tom Hanks
img041,Leonardo DiCaprio
img042,Leonardo DiCaprio
img043,Leonardo DiCaprio
img044,Leonardo DiCaprio
img045,Leonardo DiCaprio
img046,Natalie Portman
img047,Natalie Portman
img048,Natalie Portman
img049,Natalie Portman
img050,Natalie Portman
img051,Kate Winslet
img052,Kate Winslet
img053,Kate Winslet
img054,Kate Winslet
img055,Kate Winslet
img056,Sandra Bullock
img057,Sandra Bullock
img058,Sandra Bullock
img059,Sandra Bullock
img060,Sandra Bullock
img061,Scarlett Johansson
img062,Scarlett Johansson
img063,Scarlett Johansson
img064,Scarlett Johansson
img065,Scarlett Johansson
img066,Megan Fox
img067,Megan Fox
img068,Megan Fox
img069,Megan Fox
img070,Megan Fox
img071,Nicole Kidman
img072,Nicole Kidman
img073,Nicole Kidman
img074,Nicole Kidman
img075,Nicole Kidman
img076,Jennifer Lawrence
img077,Jennifer Lawrence
img078,Jennifer Lawrence
img079,Jennifer Lawrence
img080,Jennifer Lawrence
img081,Unknow
img082,Unknow
img083,Unknow
img084,Unknow
img085,Unknow
img086,Unknow
img087,Unknow
img088,Unknow
img089,None
img090,Unknow
img091,Unknow
img092,Unknow
img093,None
img094,None
img095,None
img096,None
img097,None
img098,None
img099,None
img100,Unknow
