Name,Container_Code
img001,SKHU6440588
img002,TIIU4981584
img003,NYKU0745121
img004,TLLU2729261
img005,TLLU2729261
img006,TLLU2729261
img007,MSDU1352325
img008,MSDU1352325
img009,TGHU6769849
img010,TGHU6769849
img011,IAAU1963381
img012,IAAU1963381
img013,TRHU1059527
img014,TRHU1059527
img015,SLVU4713324
img016,BMOU2137606
img017,BMOU2137606
img018,CMAU3122727
img019,CMAU3122727
img020,OOCU7532393
img021,WHSU5480336
img022,OERU4060434
img023,DFSU7534845
img024,MEDU5449419
img025,MEDU5449419
img026,TGBU9726643
img027,WHSU6109280
img028,EMCU6162623
img029,CAAU7776295
img030,DAYU6108768
img031,SEGU5553604
img032,TRDU7504760
img033,OOCU8883411
img034,ONEU2104839
img035,DRYU2770066
img036,DRYU2770066
img037,MRKU3153481
img038,MRKU3153481
img039,TCKU7855354
img040,CSLU1588205
img041,TCLU3193998
img042,ONEU0386327
img043,SUDU6500548
img044,MSMU7097922
img045,MSMU7097922
img046,TCNU9889358
img047,TRHU2880861
img048,TRHU2880861
img049,ZCSU6109323
img050,ZCSU6109323
img051,SEKU6405930
img052,NYKU3855400
img053,NYKU3855400
img054,NYKU3855400
img055,MSKU1620022
img056,HLXU8596393
img057,FSCU4462602
img058,FSCU4462602
img059,CSNU7911523
img060,CSNU7911523
img061,BMOU6004140
img062,BMOU6004140
img063,SKLU1566062
img064,CCLU5169675
img065,CCLU5169675
img066,TCLU5529530
img067,TCLU5529530
img068,ONEU5529375
img069,ONEU5529375
img070,TRHU8971608
img071,TRHU8971608
img072,CBHU9510542
img073,CBHU9510542
img074,TLLU8664846
img075,TLLU8664846
img076,VOLU4541456
img077,VOLU4541456
img078,TCLU9707163
img079,TCLU9707163
img080,MRKU0275568
img081,None
img082,None
img083,None
img084,None
img085,None
img086,None
img087,None
img088,None
img089,None
img090,None
img091,None
img092,None
img093,None
img094,None
img095,None
img096,None
img097,None
img098,None
img099,None
img100,None
